<?xml version="1.0" encoding="UTF-16"?>
<Profile>
  <Name>Elite Dangerous 3.0 AD</Name>
  <Description>Aussiedroid's Elite Dangerous Profile 3.0</Description>
  <ExclusiveLoad>0</ExclusiveLoad>
  <TrueViewEnabled>1</TrueViewEnabled>
  <Curve>
    <Axis>0</Axis>
    <Enabled>1</Enabled>
    <Inverted>0</Inverted>
    <Mirrored>1</Mirrored>
    <Limited>1</Limited>
    <Limit>180</Limit>
    <Type>0</Type>
    <Inputs>
      <Val>-41.2791</Val>
      <Val>12.5806</Val>
      <Val>-31.9767</Val>
      <Val>7.41935</Val>
      <Val>-21.8023</Val>
      <Val>1.93548</Val>
      <Val>-12.8</Val>
      <Val>0</Val>
      <Val>-7.26744</Val>
      <Val>6.77419</Val>
      <Val>0</Val>
      <Val>2.04082</Val>
      <Val>7.26744</Val>
      <Val>6.77419</Val>
      <Val>12.8</Val>
      <Val>0</Val>
      <Val>21.8023</Val>
      <Val>1.93548</Val>
      <Val>31.9767</Val>
      <Val>7.41935</Val>
      <Val>41.2791</Val>
      <Val>12.5806</Val>
    </Inputs>
  </Curve>
  <Curve>
    <Axis>1</Axis>
    <Enabled>1</Enabled>
    <Inverted>0</Inverted>
    <Mirrored>0</Mirrored>
    <Limited>1</Limited>
    <Limit>180</Limit>
    <Type>0</Type>
    <Inputs>
      <Val>-30.5198</Val>
      <Val>0</Val>
      <Val>-18.6047</Val>
      <Val>0</Val>
      <Val>-12.7907</Val>
      <Val>0.967742</Val>
      <Val>-8.13953</Val>
      <Val>2.90323</Val>
      <Val>-3.77907</Val>
      <Val>3.87097</Val>
      <Val>0</Val>
      <Val>2.34578</Val>
      <Val>4.94186</Val>
      <Val>7.09677</Val>
      <Val>11.0465</Val>
      <Val>10.3226</Val>
      <Val>17.7326</Val>
      <Val>13.5484</Val>
      <Val>23.5465</Val>
      <Val>16.129</Val>
      <Val>30.5233</Val>
      <Val>18.0645</Val>
    </Inputs>
  </Curve>
  <Curve>
    <Axis>2</Axis>
    <Enabled>1</Enabled>
    <Inverted>0</Inverted>
    <Mirrored>1</Mirrored>
    <Limited>1</Limited>
    <Limit>180</Limit>
    <Type>0</Type>
    <Inputs>
      <Val>-49.7093</Val>
      <Val>21.6129</Val>
      <Val>-44.4767</Val>
      <Val>13.871</Val>
      <Val>-36.9186</Val>
      <Val>8.06452</Val>
      <Val>-25</Val>
      <Val>4.51613</Val>
      <Val>-15.1163</Val>
      <Val>1.6129</Val>
      <Val>0</Val>
      <Val>0.645161</Val>
      <Val>15.1163</Val>
      <Val>1.6129</Val>
      <Val>25</Val>
      <Val>4.51613</Val>
      <Val>36.9186</Val>
      <Val>8.06452</Val>
      <Val>44.4767</Val>
      <Val>13.871</Val>
      <Val>49.7093</Val>
      <Val>21.6129</Val>
    </Inputs>
  </Curve>
  <Curve>
    <Axis>3</Axis>
    <Enabled>0</Enabled>
    <Inverted>0</Inverted>
    <Mirrored>1</Mirrored>
    <Limited>0</Limited>
    <Limit>180</Limit>
    <Type>0</Type>
    <Inputs>
      <Val>-49.7093</Val>
      <Val>25.7097</Val>
      <Val>-41.2791</Val>
      <Val>23.129</Val>
      <Val>-31.9767</Val>
      <Val>19.2581</Val>
      <Val>-24.4186</Val>
      <Val>13.7742</Val>
      <Val>-15.407</Val>
      <Val>8.93548</Val>
      <Val>0</Val>
      <Val>0</Val>
      <Val>15.407</Val>
      <Val>8.93548</Val>
      <Val>24.4186</Val>
      <Val>13.7742</Val>
      <Val>31.9767</Val>
      <Val>19.2581</Val>
      <Val>41.2791</Val>
      <Val>23.129</Val>
      <Val>49.7093</Val>
      <Val>25.7097</Val>
    </Inputs>
  </Curve>
  <Curve>
    <Axis>4</Axis>
    <Enabled>1</Enabled>
    <Inverted>0</Inverted>
    <Mirrored>1</Mirrored>
    <Limited>1</Limited>
    <Limit>180</Limit>
    <Type>0</Type>
    <Inputs>
      <Val>-49.7712</Val>
      <Val>12.8643</Val>
      <Val>-40.8467</Val>
      <Val>10.6533</Val>
      <Val>-31.2357</Val>
      <Val>8.0402</Val>
      <Val>-21.8535</Val>
      <Val>5.42714</Val>
      <Val>-13.3867</Val>
      <Val>3.41709</Val>
      <Val>0</Val>
      <Val>2</Val>
      <Val>13.3867</Val>
      <Val>3.41709</Val>
      <Val>21.8535</Val>
      <Val>5.42714</Val>
      <Val>31.2357</Val>
      <Val>8.0402</Val>
      <Val>40.8467</Val>
      <Val>10.6533</Val>
      <Val>49.7712</Val>
      <Val>12.8643</Val>
    </Inputs>
  </Curve>
  <Curve>
    <Axis>5</Axis>
    <Enabled>0</Enabled>
    <Inverted>0</Inverted>
    <Mirrored>1</Mirrored>
    <Limited>0</Limited>
    <Limit>180</Limit>
    <Type>0</Type>
    <Inputs>
      <Val>-49.5423</Val>
      <Val>17.6884</Val>
      <Val>-38.1007</Val>
      <Val>16.6834</Val>
      <Val>-24.8284</Val>
      <Val>13.0653</Val>
      <Val>-12.9291</Val>
      <Val>8.0402</Val>
      <Val>-5.83524</Val>
      <Val>3.61809</Val>
      <Val>0</Val>
      <Val>0</Val>
      <Val>5.83524</Val>
      <Val>3.61809</Val>
      <Val>12.9291</Val>
      <Val>8.0402</Val>
      <Val>24.8284</Val>
      <Val>13.0653</Val>
      <Val>38.1007</Val>
      <Val>16.6834</Val>
      <Val>49.5423</Val>
      <Val>17.6884</Val>
    </Inputs>
  </Curve>
  <Hotkey>
    <Name>Center</Name>
    <ActionID>1</ActionID>
    <Key>35</Key>
    <Enable>1</Enable>
    <Toggle>1</Toggle>
    <Trap>1</Trap>
    <IsDevice>0</IsDevice>
    <DeviceGuid>{00000000-0000-0000-0000-000000000000}</DeviceGuid>
    <ButtonID>0</ButtonID>
  </Hotkey>
  <Hotkey>
    <Name>Pause</Name>
    <ActionID>2</ActionID>
    <Key>19</Key>
    <Enable>1</Enable>
    <Toggle>1</Toggle>
    <Trap>1</Trap>
    <IsDevice>0</IsDevice>
    <DeviceGuid>{00000000-0000-0000-0000-000000000000}</DeviceGuid>
    <ButtonID>0</ButtonID>
  </Hotkey>
  <Hotkey>
    <Name>Precision</Name>
    <ActionID>3</ActionID>
    <Key>262262</Key>
    <Enable>1</Enable>
    <Toggle>1</Toggle>
    <Trap>1</Trap>
    <IsDevice>0</IsDevice>
    <DeviceGuid>{00000000-0000-0000-0000-000000000000}</DeviceGuid>
    <ButtonID>0</ButtonID>
  </Hotkey>
  <Hotkey>
    <Name>Profile</Name>
    <ActionID>4</ActionID>
    <Key>262263</Key>
    <Enable>0</Enable>
    <Toggle>1</Toggle>
    <Trap>1</Trap>
    <IsDevice>0</IsDevice>
    <DeviceGuid>{00000000-0000-0000-0000-000000000000}</DeviceGuid>
    <ButtonID>0</ButtonID>
  </Hotkey>
</Profile>
